FID,TAZID,ZIP5
0,460,84075
1,461,84015
2,656,84116
3,657,84116
4,2696,84651
5,2697,84660
6,2695,84660
7,1354,84006
8,1355,84081
9,1362,84081
10,1363,84081
11,1361,84006
12,1368,84006
13,1369,84006
14,1370,84096
15,1414,84096
16,1419,84096
17,1789,84043
18,1791,84005
19,1792,84005
20,1798,84013
21,1790,84005
22,1807,84013
23,1810,84013
24,1814,84013
25,1815,84013
26,1818,84013
27,1816,84013
28,1819,84005
29,1820,84005
30,1802,84013
31,1826,84005
32,1827,84013
33,1829,84005
34,1830,84005
35,1832,84005
36,1833,84013
37,1835,84013
38,1837,84013
39,1838,84013
40,1843,84013
41,1844,84013
42,1845,84013
43,1846,84013
44,1847,84013
45,1848,84013
46,1849,84013
47,1851,84013
48,1852,84013
49,1854,84013
50,1856,84013
51,1855,84013
52,1860,84013
53,1858,84013
54,1861,84013
55,1862,84043
56,1863,84013
57,1864,84013
58,1871,84005
59,1872,84005
60,1874,84005
61,1875,84005
62,1886,84043
63,1887,84043
64,1889,84043
65,1890,84043
66,1891,84043
67,1892,84043
68,1894,84043
69,1895,84043
70,1909,84005
71,1912,84043
72,1911,84043
73,1960,84045
74,1961,84045
75,1959,84045
76,1950,84043
77,1970,84045
78,1974,84045
79,1975,84005
80,1976,84005
81,1977,84005
82,2191,84003
83,2192,84003
84,2195,84003
85,2199,84003
86,2228,84042
87,2229,84042
88,2543,84664
89,2544,84664
90,2552,84664
91,2554,84664
92,2627,84660
93,2628,84663
94,2630,84660
95,2631,84660
96,2646,84660
97,2647,84660
98,2648,84660
99,2651,84660
100,2677,84660
101,2678,84660
102,2675,84651
103,2692,84651
104,2731,84653
105,2732,84653
106,2733,84651
107,2773,84651
108,2862,84626
109,1804,84013
110,444,84015
111,464,84015
112,1801,84005
113,1896,84043
114,2490,84663
115,2493,84663
116,2632,84660
117,1859,84013
118,2103,84043
119,2099,84043
120,1418,84096
121,2021,84043
122,2022,84043
123,2634,84660
124,2676,84651
125,1825,84005
126,1377,84009
127,1375,84009
128,133,84340
129,135,84340
130,137,84307
131,1353,84006
132,1357,84081
133,1384,84009
134,1383,84009
135,1394,84096
136,1403,84096
137,1821,84005
138,1796,84005
139,1836,84013
140,1850,84013
141,1873,84005
142,1884,84043
143,1958,84045
144,1969,84045
145,2013,84043
146,2205,84062
147,2208,84062
148,2322,84058
149,2323,84058
150,2326,84058
151,2626,84663
152,2693,84651
153,2881,84071
154,1,84302
155,2,84302
156,4,84302
157,6,84302
158,5,84302
159,7,84302
160,8,84302
161,139,84302
162,12,84302
163,13,84302
164,14,84302
165,19,84302
166,20,84302
167,21,84302
168,23,84340
169,24,84340
170,25,84302
171,27,84302
172,17,84302
173,28,84302
174,29,84302
175,30,84302
176,31,84302
177,32,84302
178,35,84302
179,33,84302
180,36,84302
181,37,84302
182,38,84302
183,39,84302
184,40,84302
185,41,84302
186,42,84302
187,45,84302
188,43,84302
189,44,84302
190,46,84302
191,47,84302
192,48,84302
193,49,84302
194,51,84302
195,50,84302
196,52,84302
197,53,84302
198,54,84302
199,55,84302
200,56,84302
201,60,84302
202,58,84302
203,59,84302
204,61,84302
205,62,84302
206,65,84302
207,63,84302
208,66,84302
209,64,84302
210,67,84302
211,68,84302
212,69,84302
213,70,84302
214,72,84302
215,73,84302
216,74,84302
217,75,84302
218,76,84302
219,77,84302
220,78,84302
221,79,84302
222,86,84302
223,80,84302
224,84,84302
225,89,84302
226,91,84302
227,90,84302
228,92,84302
229,88,84302
230,85,84302
231,94,84302
232,95,84302
233,97,84302
234,98,84302
235,109,84340
236,22,84302
237,105,84340
238,106,84340
239,111,84340
240,114,84340
241,110,84340
242,112,84340
243,108,84340
244,113,84340
245,115,84340
246,116,84340
247,118,84340
248,122,84340
249,119,84340
250,117,84340
251,120,84340
252,121,84340
253,124,84340
254,123,84340
255,125,84340
256,126,84340
257,127,84340
258,130,84340
259,131,84340
260,136,84302
261,138,84302
262,9,84302
263,140,84302
264,144,84404
265,143,84404
266,146,84404
267,149,84404
268,134,84340
269,150,84404
270,145,84404
271,151,84404
272,148,84404
273,159,84404
274,163,84404
275,164,84404
276,161,84404
277,165,84404
278,166,84404
279,170,84404
280,172,84404
281,176,84414
282,181,84414
283,180,84414
284,182,84414
285,179,84414
286,183,84414
287,184,84414
288,185,84414
289,189,84414
290,191,84414
291,186,84414
292,194,84404
293,197,84404
294,201,84414
295,198,84414
296,204,84414
297,196,84414
298,199,84404
299,207,84404
300,206,84414
301,208,84404
302,211,84404
303,213,84404
304,200,84404
305,215,84404
306,216,84404
307,217,84404
308,218,84404
309,219,84404
310,210,84404
311,220,84404
312,222,84404
313,223,84404
314,224,84404
315,225,84404
316,226,84404
317,221,84404
318,227,84404
319,228,84404
320,234,84401
321,235,84401
322,245,84401
323,247,84401
324,240,84401
325,250,84401
326,251,84401
327,248,84401
328,254,84401
329,256,84401
330,253,84401
331,257,84401
332,249,84401
333,259,84401
334,261,84401
335,260,84401
336,262,84401
337,276,84401
338,280,84067
339,283,84067
340,287,84067
341,291,84067
342,292,84067
343,293,84067
344,298,84067
345,297,84067
346,302,84067
347,303,84404
348,305,84401
349,306,84404
350,308,84404
351,309,84404
352,310,84404
353,229,84404
354,312,84404
355,313,84401
356,314,84401
357,315,84401
358,316,84401
359,318,84401
360,323,84401
361,319,84401
362,322,84401
363,321,84401
364,317,84401
365,320,84401
366,325,84401
367,326,84401
368,324,84401
369,327,84401
370,328,84401
371,329,84401
372,330,84401
373,331,84401
374,332,84401
375,333,84401
376,334,84401
377,335,84401
378,336,84401
379,311,84404
380,337,84401
381,338,84401
382,339,84401
383,340,84401
384,341,84401
385,342,84401
386,343,84401
387,344,84401
388,346,84401
389,348,84401
390,349,84401
391,351,84401
392,350,84401
393,353,84401
394,354,84403
395,355,84403
396,357,84403
397,375,84403
398,361,84403
399,362,84403
400,365,84401
401,366,84401
402,352,84401
403,368,84401
404,369,84401
405,370,84403
406,374,84403
407,377,84405
408,364,84405
409,371,84403
410,378,84403
411,379,84403
412,380,84403
413,372,84403
414,381,84403
415,373,84403
416,382,84403
417,376,84403
418,385,84403
419,389,84405
420,392,84405
421,390,84405
422,391,84405
423,393,84405
424,395,84403
425,396,84403
426,384,84403
427,397,84403
428,388,84405
429,400,84405
430,387,84405
431,403,84405
432,404,84405
433,405,84405
434,406,84405
435,407,84405
436,410,84405
437,411,84405
438,415,84403
439,413,84405
440,416,84403
441,412,84405
442,417,84403
443,418,84403
444,414,84405
445,419,84403
446,425,84015
447,427,84075
448,290,84067
449,433,84015
450,289,84067
451,431,84015
452,436,84015
453,437,84015
454,438,84015
455,439,84015
456,440,84015
457,441,84015
458,442,84015
459,435,84015
460,443,84015
461,445,84015
462,301,84067
463,447,84015
464,299,84067
465,448,84015
466,449,84015
467,450,84015
468,451,84015
469,452,84015
470,453,84015
471,446,84015
472,455,84015
473,456,84015
474,454,84015
475,457,84015
476,458,84015
477,459,84075
478,462,84075
479,463,84015
480,466,84015
481,470,84015
482,469,84015
483,474,84056
484,399,84056
485,475,84056
486,478,84056
487,476,84056
488,477,84056
489,401,84405
490,526,84015
491,473,84015
492,479,84056
493,481,84405
494,482,84405
495,485,84405
496,486,84405
497,488,84040
498,492,84075
499,493,84075
500,491,84075
501,494,84075
502,490,84075
503,496,84015
504,497,84015
505,498,84015
506,499,84041
507,495,84075
508,500,84041
509,501,84041
510,502,84075
511,503,84041
512,504,84041
513,510,84041
514,511,84041
515,508,84041
516,505,84041
517,513,84041
518,512,84041
519,515,84041
520,506,84041
521,516,84037
522,514,84041
523,517,84037
524,518,84037
525,522,84037
526,519,84037
527,480,84056
528,524,84015
529,528,84041
530,529,84041
531,489,84405
532,532,84040
533,534,84040
534,530,84041
535,535,84040
536,527,84041
537,538,84041
538,539,84041
539,540,84041
540,542,84040
541,536,84040
542,543,84041
543,545,84037
544,537,84040
545,546,84037
546,548,84037
547,549,84037
548,551,84037
549,553,84037
550,520,84037
551,554,84037
552,552,84037
553,555,84037
554,523,84037
555,556,84025
556,558,84025
557,557,84025
558,560,84025
559,559,84025
560,561,84025
561,562,84025
562,567,84025
563,563,84025
564,565,84025
565,568,84025
566,570,84025
567,571,84025
568,574,84025
569,572,84025
570,575,84025
571,577,84014
572,578,84025
573,573,84025
574,580,84014
575,582,84014
576,584,84014
577,586,84014
578,581,84014
579,601,84087
580,588,84087
581,589,84014
582,590,84014
583,591,84014
584,592,84014
585,585,84014
586,593,84014
587,594,84014
588,595,84014
589,596,84014
590,597,84014
591,598,84014
592,602,84087
593,604,84087
594,623,84087
595,605,84010
596,608,84010
597,607,84010
598,606,84010
599,611,84010
600,613,84010
601,599,84087
602,617,84087
603,618,84087
604,643,84054
605,620,84087
606,626,84087
607,610,84010
608,627,84010
609,629,84010
610,633,84010
611,636,84010
612,635,84010
613,637,84010
614,639,84010
615,621,84087
616,644,84054
617,645,84054
618,647,84054
619,648,84010
620,650,84010
621,634,84010
622,651,84054
623,649,84010
624,653,84054
625,646,84054
626,654,84010
627,661,84116
628,662,84116
629,669,84116
630,658,84116
631,665,84116
632,660,84116
633,666,84116
634,674,84044
635,671,84044
636,1782,84029
637,670,84044
638,673,84044
639,675,84044
640,678,84104
641,672,84044
642,679,84044
643,680,84104
644,682,84044
645,1783,84074
646,686,84044
647,687,84044
648,691,84044
649,695,84044
650,699,84044
651,701,84044
652,696,84044
653,702,84044
654,703,84044
655,683,84128
656,706,84128
657,707,84128
658,708,84128
659,2249,84042
660,2253,84059
661,2254,84059
662,2255,84059
663,2256,84059
664,2257,84059
665,2258,84057
666,2251,84059
667,2259,84059
668,2505,84663
669,2504,84663
670,2508,84663
671,2509,84663
672,2506,84663
673,2510,84663
674,2507,84663
675,2511,84663
676,2512,84663
677,2694,84660
678,2704,84651
679,2699,84651
680,2701,84651
681,2700,84651
682,2698,84651
683,719,84044
684,721,84044
685,720,84044
686,724,84128
687,722,84044
688,725,84128
689,727,84128
690,728,84128
691,731,84128
692,732,84128
693,730,84128
694,733,84044
695,734,84118
696,642,84054
697,738,84116
698,743,84116
699,742,84122
700,745,84116
701,744,84116
702,747,84116
703,749,84116
704,759,84116
705,750,84116
706,751,84116
707,753,84116
708,754,84116
709,756,84116
710,758,84116
711,755,84116
712,760,84116
713,761,84116
714,762,84116
715,765,84116
716,766,84104
717,769,84104
718,768,84116
719,767,84104
720,770,84104
721,773,84104
722,772,84104
723,774,84104
724,775,84104
725,776,84104
726,778,84104
727,781,84104
728,780,84104
729,782,84104
730,783,84104
731,785,84104
732,787,84104
733,786,84104
734,791,84104
735,788,84104
736,792,84104
737,793,84101
738,790,84104
739,801,84104
740,804,84104
741,805,84115
742,806,84104
743,809,84128
744,810,84128
745,794,84128
746,812,84120
747,817,84120
748,818,84120
749,819,84120
750,815,84120
751,820,84120
752,798,84104
753,826,84119
754,822,84119
755,800,84104
756,823,84119
757,816,84120
758,824,84120
759,827,84119
760,825,84119
761,830,84119
762,833,84119
763,832,84119
764,835,84119
765,834,84119
766,831,84119
767,836,84119
768,838,84119
769,839,84119
770,840,84119
771,841,84119
772,842,84119
773,807,84115
774,843,84119
775,844,84115
776,847,84120
777,848,84120
778,849,84128
779,851,84120
780,852,84120
781,853,84120
782,828,84120
783,855,84120
784,856,84120
785,857,84120
786,859,84120
787,860,84119
788,861,84119
789,864,84119
790,863,84119
791,865,84119
792,866,84119
793,867,84119
794,868,84119
795,869,84119
796,874,84119
797,845,84119
798,875,84119
799,846,84119
800,876,84115
801,877,84123
802,858,84120
803,885,84120
804,887,84120
805,888,84120
806,889,84119
807,892,84119
808,891,84119
809,890,84119
810,920,84129
811,893,84129
812,896,84129
813,901,84123
814,903,84123
815,904,84123
816,905,84123
817,907,84118
818,886,84120
819,912,84118
820,914,84129
821,915,84129
822,916,84129
823,917,84129
824,918,84129
825,900,84123
826,922,84129
827,923,84129
828,921,84129
829,924,84129
830,925,84123
831,927,84123
832,929,84123
833,884,84120
834,911,84118
835,936,84118
836,939,84129
837,941,84129
838,942,84129
839,943,84123
840,944,84104
841,945,84101
842,947,84104
843,948,84101
844,946,84101
845,949,84101
846,950,84101
847,951,84101
848,952,84101
849,953,84101
850,954,84101
851,955,84101
852,956,84101
853,957,84101
854,958,84101
855,959,84101
856,960,84101
857,961,84101
858,962,84101
859,963,84101
860,964,84101
861,965,84101
862,966,84150
863,968,84101
864,969,84111
865,970,84111
866,967,84103
867,971,84101
868,972,84111
869,973,84111
870,974,84101
871,975,84111
872,976,84111
873,977,84101
874,978,84111
875,979,84111
876,980,84101
877,981,84111
878,982,84111
879,983,84111
880,984,84111
881,985,84111
882,986,84111
883,987,84111
884,988,84111
885,989,84111
886,990,84111
887,991,84104
888,993,84101
889,994,84101
890,995,84101
891,996,84101
892,997,84101
893,998,84101
894,999,84101
895,1000,84101
896,1001,84101
897,1002,84111
898,992,84104
899,1003,84101
900,1004,84101
901,1005,84101
902,1006,84101
903,1007,84101
904,1008,84111
905,1009,84101
906,1010,84101
907,1011,84101
908,1012,84101
909,1013,84101
910,1014,84111
911,1015,84111
912,1016,84111
913,1017,84111
914,1018,84111
915,1019,84111
916,1020,84111
917,1021,84111
918,1022,84111
919,1023,84111
920,1024,84111
921,1029,84116
922,740,84116
923,1034,84116
924,764,84116
925,1035,84103
926,1027,84116
927,1037,84103
928,1038,84103
929,1031,84103
930,1039,84103
931,1041,84103
932,1043,84103
933,1040,84103
934,1042,84103
935,1044,84103
936,1045,84103
937,1051,84103
938,1048,84103
939,1052,84103
940,1054,84103
941,1058,84103
942,1055,84103
943,1056,84103
944,1059,84103
945,1053,84103
946,1060,84111
947,1057,84103
948,1061,84102
949,1062,84111
950,1066,84111
951,1064,84111
952,1067,84102
953,1068,84102
954,1070,84102
955,1071,84102
956,1072,84102
957,1073,84102
958,1069,84102
959,1074,84102
960,1075,84112
961,1078,84111
962,1079,84102
963,1080,84111
964,1081,84102
965,1082,84102
966,1025,84111
967,1083,84111
968,1084,84102
969,1085,84102
970,1086,84102
971,1087,84102
972,1088,84102
973,1089,84102
974,1090,84102
975,1091,84102
976,1092,84108
977,1076,84112
978,1093,84108
979,1094,84108
980,1095,84101
981,1096,84101
982,1097,84101
983,1098,84101
984,1099,84101
985,1101,84101
986,1100,84101
987,1102,84111
988,1127,84115
989,1104,84111
990,1128,84105
991,1105,84105
992,1129,84105
993,1106,84105
994,1107,84105
995,1108,84105
996,1131,84105
997,1109,84105
998,1110,84105
999,1112,84105
1000,1114,84108
1001,1111,84105
1002,1115,84108
1003,1118,84108
1004,1117,84108
1005,1122,84115
1006,1123,84115
1007,1132,84105
1008,1133,84105
1009,1136,84108
1010,1139,84115
1011,1140,84115
1012,1124,84115
1013,1142,84115
1014,1146,84115
1015,1147,84105
1016,1150,84105
1017,1152,84105
1018,1153,84105
1019,1154,84105
1020,1155,84108
1021,1156,84108
1022,1157,84108
1023,1120,84108
1024,1158,84108
1025,1159,84109
1026,1162,84109
1027,1163,84115
1028,1164,84115
1029,1165,84115
1030,1141,84115
1031,1166,84115
1032,1167,84115
1033,1168,84115
1034,1144,84115
1035,1169,84115
1036,1170,84115
1037,1172,84115
1038,1171,84115
1039,1173,84106
1040,1176,84106
1041,1177,84106
1042,1174,84106
1043,1178,84106
1044,1179,84106
1045,1180,84106
1046,1181,84106
1047,1182,84106
1048,1183,84109
1049,1184,84115
1050,1185,84115
1051,1186,84115
1052,1187,84115
1053,1189,84115
1054,1190,84115
1055,1191,84115
1056,1194,84115
1057,1197,84106
1058,1196,84115
1059,1198,84106
1060,1200,84115
1061,1201,84115
1062,1199,84115
1063,1203,84115
1064,1204,84115
1065,1205,84115
1066,1206,84115
1067,1207,84115
1068,1208,84115
1069,1209,84107
1070,1210,84107
1071,1202,84115
1072,1212,84115
1073,1214,84106
1074,1215,84106
1075,1213,84115
1076,1216,84115
1077,1221,84107
1078,1219,84107
1079,1211,84107
1080,1220,84107
1081,1217,84115
1082,1222,84107
1083,1224,84107
1084,902,84123
1085,1225,84107
1086,1226,84107
1087,1228,84107
1088,1229,84107
1089,1230,84107
1090,1231,84107
1091,1232,84107
1092,1233,84107
1093,1227,84107
1094,1235,84107
1095,1236,84107
1096,1237,84107
1097,1238,84107
1098,1243,84107
1099,932,84123
1100,1245,84107
1101,1239,84107
1102,1247,84107
1103,1234,84107
1104,1251,84107
1105,1248,84107
1106,1249,84107
1107,1250,84107
1108,1254,84107
1109,1255,84107
1110,1257,84107
1111,1252,84107
1112,1253,84107
1113,1242,84117
1114,1260,84121
1115,1265,84106
1116,1266,84106
1117,1269,84106
1118,1263,84106
1119,1270,84106
1120,1271,84106
1121,1273,84106
1122,1272,84106
1123,1274,84106
1124,1276,84106
1125,1267,84106
1126,1277,84106
1127,1278,84109
1128,1279,84109
1129,1275,84106
1130,1280,84106
1131,1281,84106
1132,1283,84109
1133,1284,84109
1134,1285,84109
1135,1298,84109
1136,1299,84109
1137,1297,84109
1138,1300,84109
1139,1288,84124
1140,1301,84109
1141,1302,84107
1142,1291,84106
1143,1303,84124
1144,1305,84107
1145,1293,84106
1146,1308,84124
1147,1309,84117
1148,1310,84124
1149,1312,84124
1150,1313,84124
1151,1311,84124
1152,1314,84124
1153,1315,84124
1154,1316,84124
1155,1318,84124
1156,1319,84124
1157,1320,84117
1158,1323,84117
1159,1325,84117
1160,1289,84124
1161,1326,84117
1162,1327,84117
1163,1328,84117
1164,1329,84117
1165,1322,84117
1166,1330,84117
1167,1261,84121
1168,1335,84121
1169,1262,84121
1170,1337,84121
1171,1338,84121
1172,714,84044
1173,1343,84044
1174,1341,84006
1175,1346,84006
1176,1345,84006
1177,1348,84118
1178,1349,84118
1179,1350,84118
1180,1352,84006
1181,1356,84081
1182,1364,84081
1183,1358,84081
1184,1360,84081
1185,1367,84096
1186,1374,84081
1187,1378,84009
1188,1381,84009
1189,1379,84009
1190,1371,84096
1191,1372,84096
1192,1380,84009
1193,1382,84009
1194,1398,84096
1195,1387,84009
1196,1389,84096
1197,1388,84096
1198,1392,84096
1199,1393,84096
1200,1406,84096
1201,1395,84096
1202,1397,84096
1203,1407,84096
1204,1402,84096
1205,1396,84096
1206,1408,84096
1207,1409,84096
1208,1410,84096
1209,1411,84096
1210,1416,84096
1211,1420,84118
1212,933,84118
1213,1421,84118
1214,1481,84081
1215,1455,84081
1216,1424,84081
1217,1423,84081
1218,1429,84084
1219,938,84129
1220,1430,84084
1221,1431,84084
1222,1432,84084
1223,1433,84129
1224,1436,84084
1225,1434,84084
1226,1437,84084
1227,1442,84123
1228,1443,84084
1229,1445,84084
1230,1446,84123
1231,1448,84123
1232,931,84123
1233,1451,84047
1234,1452,84070
1235,1449,84047
1236,1453,84047
1237,1454,84047
1238,1428,84084
1239,1456,84081
1240,1486,84088
1241,1458,84088
1242,1460,84088
1243,1459,84088
1244,1462,84088
1245,1466,84088
1246,1464,84088
1247,1438,84084
1248,1468,84088
1249,1471,84088
1250,1469,84088
1251,1474,84088
1252,1476,84088
1253,1473,84088
1254,1477,84088
1255,1475,84088
1256,1478,84088
1257,1483,84081
1258,1484,84009
1259,1457,84081
1260,1487,84088
1261,1489,84009
1262,1485,84088
1263,1491,84009
1264,1496,84095
1265,1490,84009
1266,1488,84088
1267,1494,84088
1268,1497,84095
1269,1502,84095
1270,1495,84088
1271,1467,84088
1272,1480,84070
1273,1513,84070
1274,1509,84088
1275,1514,84070
1276,1519,84009
1277,1518,84009
1278,1517,84009
1279,1520,84009
1280,1521,84009
1281,1522,84009
1282,1523,84009
1283,1524,84009
1284,1525,84009
1285,1526,84009
1286,1527,84009
1287,1528,84009
1288,1529,84009
1289,1530,84009
1290,1531,84009
1291,1532,84009
1292,1533,84009
1293,1534,84009
1294,1492,84009
1295,1498,84095
1296,1536,84009
1297,1537,84009
1298,1539,84009
1299,1541,84009
1300,1540,84009
1301,1535,84009
1302,1542,84009
1303,1538,84009
1304,1543,84009
1305,1547,84095
1306,1548,84095
1307,1545,84095
1308,1546,84095
1309,1549,84095
1310,1554,84095
1311,1556,84095
1312,1553,84095
1313,1557,84095
1314,1559,84095
1315,1516,84070
1316,1560,84095
1317,1510,84095
1318,1562,84095
1319,1563,84095
1320,1565,84096
1321,1566,84096
1322,1568,84065
1323,1571,84065
1324,1572,84065
1325,1573,84065
1326,1574,84020
1327,1564,84095
1328,1576,84020
1329,1578,84020
1330,1581,84096
1331,1579,84096
1332,1580,84096
1333,1583,84065
1334,1585,84065
1335,1590,84065
1336,1591,84065
1337,1594,84065
1338,1595,84065
1339,1593,84065
1340,1596,84065
1341,1575,84020
1342,1597,84020
1343,1599,84020
1344,1600,84020
1345,1605,84065
1346,1582,84096
1347,1609,84065
1348,1607,84065
1349,1610,84065
1350,1606,84065
1351,1588,84065
1352,1611,84065
1353,1612,84065
1354,1613,84065
1355,1619,84065
1356,1620,84065
1357,1615,84065
1358,1622,84065
1359,1621,84065
1360,1623,84065
1361,1624,84065
1362,1626,84065
1363,1608,84065
1364,1627,84065
1365,1628,84065
1366,1631,84065
1367,1246,84107
1368,1632,84107
1369,1634,84047
1370,1256,84107
1371,1638,84047
1372,1633,84107
1373,1641,84047
1374,1642,84047
1375,1644,84047
1376,1645,84047
1377,1643,84047
1378,1646,84047
1379,1647,84047
1380,1648,84047
1381,1259,84121
1382,1649,84121
1383,1651,84121
1384,1653,84121
1385,1652,84121
1386,1654,84121
1387,1655,84121
1388,1656,84121
1389,1658,84121
1390,1659,84121
1391,1661,84121
1392,1662,84121
1393,1667,84121
1394,1479,84047
1395,1669,84047
1396,1670,84047
1397,1671,84047
1398,1673,84070
1399,1674,84070
1400,1676,84070
1401,1675,84070
1402,1672,84047
1403,1677,84070
1404,1678,84070
1405,1683,84093
1406,1682,84094
1407,1686,84093
1408,1687,84093
1409,1691,84070
1410,1690,84070
1411,1692,84070
1412,1697,84093
1413,1698,84093
1414,1699,84093
1415,1700,84093
1416,1701,84093
1417,1668,84092
1418,1702,84093
1419,1703,84070
1420,1515,84070
1421,1704,84070
1422,1706,84070
1423,1707,84070
1424,1709,84070
1425,1710,84070
1426,1713,84070
1427,1712,84070
1428,1715,84094
1429,1717,84094
1430,1716,84094
1431,1718,84092
1432,1721,84092
1433,1719,84092
1434,1722,84092
1435,1725,84092
1436,1726,84092
1437,1727,84070
1438,1730,84070
1439,1731,84070
1440,1734,84070
1441,1737,84094
1442,1740,84094
1443,1741,84092
1444,1743,84092
1445,1744,84092
1446,1745,84092
1447,1746,84092
1448,1747,84020
1449,1748,84020
1450,1729,84070
1451,1750,84020
1452,1751,84020
1453,1749,84020
1454,1752,84020
1455,1754,84020
1456,1755,84092
1457,1757,84020
1458,1760,84020
1459,1761,84020
1460,1763,84020
1461,1765,84020
1462,1764,84020
1463,1768,84020
1464,1774,84020
1465,1769,84020
1466,1759,84020
1467,1771,84020
1468,1762,84020
1469,1772,84020
1470,1770,84020
1471,1766,84020
1472,1778,84020
1473,1779,84020
1474,1780,84020
1475,1773,84020
1476,1793,84005
1477,1797,84005
1478,1794,84005
1479,1809,84013
1480,1803,84013
1481,1805,84013
1482,1808,84013
1483,1799,84013
1484,1806,84013
1485,1822,84005
1486,1823,84005
1487,1831,84005
1488,1813,84013
1489,1834,84013
1490,1817,84013
1491,1839,84013
1492,1842,84013
1493,1853,84013
1494,1857,84013
1495,1865,84005
1496,1866,84005
1497,1867,84005
1498,1828,84005
1499,1869,84005
1500,1868,84005
1501,1876,84005
1502,1877,84005
1503,1878,84005
1504,1879,84005
1505,1880,84005
1506,1881,84005
1507,1882,84005
1508,1885,84005
1509,1888,84005
1510,1893,84005
1511,1897,84043
1512,1898,84005
1513,1900,84005
1514,1901,84005
1515,1902,84005
1516,1899,84005
1517,1906,84005
1518,1903,84005
1519,1904,84005
1520,1905,84005
1521,1910,84043
1522,1921,84043
1523,1918,84043
1524,1922,84043
1525,1923,84043
1526,1924,84045
1527,1925,84045
1528,1926,84045
1529,1927,84043
1530,1928,84045
1531,1929,84045
1532,1932,84045
1533,1934,84045
1534,1937,84045
1535,1939,84045
1536,1940,84045
1537,1938,84045
1538,1941,84045
1539,1942,84045
1540,1945,84045
1541,1943,84045
1542,1944,84043
1543,1946,84005
1544,1947,84045
1545,1948,84005
1546,1949,84005
1547,1951,84005
1548,1952,84005
1549,1953,84005
1550,1954,84045
1551,1956,84045
1552,1962,84045
1553,1963,84045
1554,1964,84045
1555,1965,84045
1556,1967,84045
1557,1966,84045
1558,1968,84045
1559,1971,84045
1560,1972,84045
1561,1973,84045
1562,1978,84045
1563,1979,84045
1564,1981,84005
1565,1980,84045
1566,1983,84045
1567,1984,84045
1568,1987,84045
1569,1982,84005
1570,1989,84043
1571,1908,84005
1572,1991,84043
1573,1993,84045
1574,1996,84045
1575,1994,84045
1576,1995,84045
1577,1997,84045
1578,1998,84043
1579,1999,84045
1580,2001,84043
1581,2000,84043
1582,2002,84043
1583,2003,84045
1584,2004,84043
1585,2005,84045
1586,2006,84043
1587,2007,84043
1588,2008,84043
1589,2009,84043
1590,2010,84043
1591,2012,84065
1592,1630,84065
1593,2014,84043
1594,2015,84043
1595,2016,84043
1596,2017,84043
1597,2018,84043
1598,2020,84043
1599,2024,84043
1600,2023,84043
1601,2025,84043
1602,2027,84043
1603,2028,84043
1604,2030,84043
1605,2029,84043
1606,2033,84043
1607,2035,84043
1608,2034,84043
1609,2036,84043
1610,2037,84043
1611,2032,84043
1612,2038,84043
1613,2039,84043
1614,2040,84043
1615,2041,84043
1616,2042,84043
1617,2043,84043
1618,2026,84043
1619,2045,84043
1620,2046,84043
1621,2048,84043
1622,2049,84043
1623,2051,84043
1624,2052,84043
1625,2053,84043
1626,2055,84043
1627,2060,84043
1628,2061,84043
1629,2062,84003
1630,2063,84043
1631,2065,84043
1632,2066,84043
1633,2050,84043
1634,2067,84043
1635,2068,84043
1636,2064,84043
1637,2069,84043
1638,2070,84043
1639,2071,84043
1640,2072,84043
1641,2074,84043
1642,2075,84043
1643,2076,84043
1644,2077,84043
1645,2073,84043
1646,2080,84003
1647,2079,84003
1648,2081,84003
1649,2082,84003
1650,2078,84043
1651,2083,84020
1652,2084,84043
1653,2086,84043
1654,2087,84043
1655,2085,84043
1656,2095,84043
1657,2088,84043
1658,2090,84043
1659,2054,84043
1660,2091,84043
1661,2092,84043
1662,2093,84043
1663,2094,84043
1664,2056,84043
1665,2096,84043
1666,2097,84043
1667,2100,84043
1668,2101,84043
1669,2102,84043
1670,2104,84043
1671,2105,84043
1672,2108,84043
1673,2109,84043
1674,2113,84043
1675,2114,84043
1676,2111,84043
1677,2115,84043
1678,2116,84043
1679,2118,84043
1680,2123,84003
1681,2127,84003
1682,2134,84004
1683,2136,84003
1684,2137,84003
1685,2126,84003
1686,2139,84003
1687,2142,84003
1688,2146,84003
1689,2147,84003
1690,2148,84003
1691,2143,84003
1692,2155,84003
1693,2156,84062
1694,2138,84003
1695,2159,84062
1696,2160,84003
1697,2162,84062
1698,2163,84062
1699,2164,84003
1700,2154,84003
1701,2169,84003
1702,2168,84003
1703,2170,84003
1704,2165,84003
1705,2058,84043
1706,2171,84003
1707,2167,84003
1708,2174,84003
1709,2175,84003
1710,2176,84003
1711,2173,84003
1712,2177,84003
1713,2178,84003
1714,2179,84003
1715,2181,84003
1716,2182,84003
1717,2186,84003
1718,2188,84062
1719,2187,84062
1720,2172,84003
1721,2189,84003
1722,2190,84003
1723,2193,84003
1724,2180,84003
1725,2194,84003
1726,2197,84003
1727,2200,84003
1728,2198,84003
1729,2201,84003
1730,2203,84003
1731,2202,84003
1732,2204,84003
1733,2206,84062
1734,2212,84062
1735,2219,84062
1736,2216,84062
1737,2213,84062
1738,2220,84062
1739,2221,84062
1740,2222,84062
1741,2223,84062
1742,2225,84042
1743,2226,84042
1744,2227,84042
1745,2232,84062
1746,2234,84062
1747,2235,84062
1748,2236,84062
1749,2239,84062
1750,2241,84062
1751,2244,84042
1752,2242,84042
1753,2243,84042
1754,2246,84042
1755,2250,84042
1756,2247,84042
1757,2261,84057
1758,2252,84059
1759,2262,84059
1760,2264,84059
1761,2269,84059
1762,2270,84059
1763,2267,84059
1764,2272,84059
1765,2268,84059
1766,2273,84059
1767,2275,84059
1768,2274,84059
1769,2276,84058
1770,2271,84057
1771,2266,84057
1772,2277,84059
1773,2278,84059
1774,2279,84058
1775,2280,84058
1776,2281,84058
1777,2282,84058
1778,2283,84058
1779,2284,84058
1780,2289,84057
1781,2286,84057
1782,2285,84042
1783,2288,84057
1784,2287,84057
1785,2290,84057
1786,2296,84057
1787,2295,84057
1788,2292,84057
1789,2293,84057
1790,2291,84057
1791,2294,84057
1792,2297,84057
1793,2298,84057
1794,2301,84097
1795,2230,84042
1796,2302,84057
1797,2300,84097
1798,2303,84057
1799,2299,84057
1800,2305,84057
1801,2306,84057
1802,2310,84057
1803,2312,84097
1804,2313,84097
1805,2309,84057
1806,2314,84057
1807,2316,84097
1808,2317,84097
1809,2318,84058
1810,2319,84058
1811,2320,84058
1812,2321,84058
1813,2332,84058
1814,2324,84058
1815,2325,84058
1816,2328,84058
1817,2329,84058
1818,2330,84058
1819,2327,84058
1820,2331,84058
1821,2335,84058
1822,2336,84097
1823,2337,84097
1824,2338,84097
1825,2339,84097
1826,2340,84097
1827,2341,84058
1828,2342,84058
1829,2343,84058
1830,2344,84058
1831,2346,84058
1832,2347,84058
1833,2345,84058
1834,2348,84058
1835,2350,84097
1836,2352,84604
1837,2355,84604
1838,2356,84604
1839,2353,84604
1840,2308,84097
1841,2357,84604
1842,2358,84604
1843,2359,84604
1844,2360,84604
1845,2362,84604
1846,2363,84604
1847,2364,84604
1848,2361,84604
1849,2365,84604
1850,2367,84604
1851,2368,84604
1852,2370,84604
1853,2369,84604
1854,2371,84604
1855,2372,84604
1856,2374,84604
1857,2349,84058
1858,2375,84604
1859,2373,84604
1860,2376,84604
1861,2378,84604
1862,2379,84604
1863,2377,84604
1864,2382,84604
1865,2383,84602
1866,2380,84604
1867,2384,84602
1868,2387,84606
1869,2388,84606
1870,2389,84606
1871,2385,84604
1872,2390,84606
1873,2391,84606
1874,2393,84606
1875,2394,84606
1876,2395,84606
1877,2392,84606
1878,2396,84606
1879,2397,84606
1880,2399,84606
1881,2400,84606
1882,2401,84604
1883,2402,84604
1884,2405,84604
1885,2406,84604
1886,2404,84604
1887,2409,84601
1888,2410,84601
1889,2411,84601
1890,2415,84601
1891,2416,84601
1892,2417,84601
1893,2413,84601
1894,2418,84601
1895,2419,84601
1896,2421,84601
1897,2422,84601
1898,2423,84601
1899,2426,84601
1900,2427,84601
1901,2425,84601
1902,2428,84601
1903,2429,84601
1904,2430,84601
1905,2424,84601
1906,2433,84601
1907,2434,84601
1908,2439,84601
1909,2441,84601
1910,2436,84601
1911,2437,84601
1912,2447,84601
1913,2448,84601
1914,2450,84601
1915,2451,84601
1916,2456,84601
1917,2453,84601
1918,2452,84601
1919,2457,84601
1920,2454,84601
1921,2445,84601
1922,2446,84601
1923,2458,84601
1924,2460,84606
1925,2461,84606
1926,2462,84606
1927,2463,84606
1928,2465,84606
1929,2466,84606
1930,2470,84606
1931,2467,84606
1932,2471,84606
1933,2472,84606
1934,2473,84606
1935,2478,84606
1936,2474,84606
1937,2480,84606
1938,2482,84606
1939,2483,84606
1940,2486,84663
1941,2487,84663
1942,2485,84663
1943,2503,84663
1944,2488,84663
1945,2489,84663
1946,2491,84663
1947,2492,84663
1948,2494,84663
1949,2633,84663
1950,2495,84663
1951,2496,84663
1952,2497,84663
1953,2484,84663
1954,2499,84663
1955,2636,84663
1956,2513,84663
1957,2514,84663
1958,2517,84663
1959,2515,84663
1960,2519,84663
1961,2518,84663
1962,2521,84660
1963,2525,84663
1964,2526,84663
1965,2527,84663
1966,2528,84663
1967,2530,84663
1968,2532,84663
1969,2531,84663
1970,2536,84663
1971,2539,84664
1972,2533,84663
1973,2540,84663
1974,2542,84664
1975,2546,84664
1976,2547,84664
1977,2541,84663
1978,2548,84664
1979,2549,84664
1980,2568,84660
1981,2551,84664
1982,2553,84664
1983,2522,84663
1984,2556,84660
1985,2523,84663
1986,2557,84663
1987,2559,84660
1988,2560,84660
1989,2558,84663
1990,2561,84660
1991,2563,84664
1992,2564,84660
1993,2565,84664
1994,2562,84660
1995,2566,84660
1996,2567,84660
1997,2577,84660
1998,2569,84660
1999,2570,84660
2000,2571,84660
2001,2572,84660
2002,2573,84660
2003,2575,84660
2004,2576,84660
2005,2581,84660
2006,2583,84660
2007,2584,84660
2008,2585,84660
2009,2586,84660
2010,2589,84660
2011,2738,84660
2012,2590,84660
2013,2588,84660
2014,2592,84660
2015,2594,84660
2016,2593,84660
2017,2595,84660
2018,2596,84660
2019,2597,84660
2020,2599,84660
2021,2598,84660
2022,2580,84660
2023,2600,84660
2024,2587,84660
2025,2601,84660
2026,2602,84660
2027,2603,84660
2028,2604,84660
2029,2606,84660
2030,2608,84660
2031,2612,84660
2032,2609,84660
2033,2607,84660
2034,2610,84660
2035,2613,84660
2036,2614,84660
2037,2611,84660
2038,2615,84660
2039,2616,84660
2040,2617,84660
2041,2623,84660
2042,2618,84660
2043,2624,84660
2044,2620,84660
2045,2621,84660
2046,2622,84660
2047,2625,84660
2048,2629,84660
2049,2635,84660
2050,2637,84660
2051,2654,84660
2052,2639,84660
2053,2640,84660
2054,2644,84660
2055,2652,84660
2056,2649,84660
2057,2650,84660
2058,2642,84660
2059,2656,84660
2060,2659,84660
2061,2657,84660
2062,2658,84660
2063,2660,84660
2064,2661,84660
2065,2662,84660
2066,2663,84660
2067,2669,84660
2068,2672,84660
2069,2686,84660
2070,2684,84660
2071,2685,84660
2072,2683,84660
2073,2687,84660
2074,2689,84660
2075,2690,84660
2076,2705,84651
2077,2703,84651
2078,2707,84651
2079,2710,84651
2080,2711,84651
2081,2714,84651
2082,2713,84651
2083,2712,84651
2084,2715,84651
2085,2709,84651
2086,2717,84651
2087,2720,84651
2088,2721,84651
2089,2723,84660
2090,2688,84660
2091,2724,84660
2092,2725,84660
2093,2726,84660
2094,2727,84660
2095,2730,84660
2096,2735,84653
2097,2734,84653
2098,2736,84651
2099,2737,84653
2100,2746,84653
2101,2741,84653
2102,2745,84653
2103,2744,84653
2104,2740,84653
2105,2749,84653
2106,2752,84653
2107,2750,84653
2108,2751,84653
2109,2762,84651
2110,2763,84651
2111,2764,84651
2112,2766,84651
2113,2767,84651
2114,2769,84653
2115,2777,84651
2116,2776,84651
2117,2772,84651
2118,2771,84651
2119,2774,84651
2120,2775,84651
2121,2779,84651
2122,2778,84651
2123,2781,84651
2124,2782,84651
2125,2783,84651
2126,2784,84651
2127,2786,84651
2128,2787,84651
2129,2790,84651
2130,2788,84651
2131,2789,84651
2132,2793,84651
2133,2791,84651
2134,2792,84651
2135,2794,84651
2136,2780,84651
2137,2795,84651
2138,2798,84651
2139,2797,84651
2140,2796,84651
2141,2800,84651
2142,2802,84651
2143,2804,84651
2144,2801,84651
2145,2805,84651
2146,2807,84651
2147,2810,84651
2148,2812,84655
2149,2811,84651
2150,2813,84651
2151,2809,84651
2152,2815,84651
2153,2816,84655
2154,2821,84655
2155,2822,84655
2156,2823,84655
2157,2825,84655
2158,2826,84655
2159,2827,84655
2160,2828,84655
2161,2829,84655
2162,2832,84655
2163,2833,84655
2164,2830,84655
2165,2835,84655
2166,2843,84655
2167,2845,84651
2168,2844,84651
2169,2817,84651
2170,2847,84655
2171,2846,84655
2172,2819,84655
2173,2849,84655
2174,2850,84655
2175,2848,84655
2176,2851,84655
2177,2853,84655
2178,2855,84655
2179,2841,84655
2180,2858,84655
2181,2861,84626
2182,2864,84633
2183,2866,84633
2184,2868,84633
2185,2867,84633
2186,2870,84043
2187,2245,84042
2188,2871,84043
2189,1777,84020
2190,2873,84043
2191,2120,84003
2192,2879,84645
2193,154,84404
2194,587,84087
2195,583,84014
2196,693,84044
2197,1351,84006
2198,1077,84108
2199,1287,84109
2200,2865,84626
2201,628,84010
2202,1195,84115
2203,1193,84115
2204,1693,84070
2205,2351,84097
2206,2442,84601
2207,2443,84601
2208,1870,84005
2209,356,84403
2210,1955,84045
2211,2125,84004
2212,2124,84003
2213,2231,84062
2214,2185,84003
2215,2311,84097
2216,2754,84653
2217,128,84340
2218,175,84414
2219,625,84087
2220,1401,84096
2221,1841,84013
2222,3,84302
2223,34,84302
2224,81,84302
2225,82,84302
2226,83,84302
2227,87,84302
2228,160,84404
2229,162,84404
2230,173,84404
2231,190,84414
2232,202,84414
2233,203,84414
2234,205,84414
2235,214,84404
2236,307,84404
2237,230,84404
2238,237,84401
2239,242,84401
2240,246,84401
2241,277,84401
2242,258,84401
2243,273,84401
2244,274,84315
2245,282,84067
2246,279,84067
2247,288,84067
2248,300,84067
2249,345,84401
2250,358,84403
2251,383,84408
2252,398,84403
2253,408,84405
2254,409,84405
2255,430,84015
2256,432,84015
2257,434,84015
2258,468,84015
2259,465,84015
2260,472,84015
2261,471,84015
2262,484,84056
2263,564,84025
2264,569,84025
2265,579,84014
2266,600,84087
2267,632,84010
2268,739,84116
2269,676,84104
2270,685,84044
2271,684,84044
2272,700,84044
2273,717,84044
2274,704,84044
2275,705,84044
2276,711,84128
2277,716,84044
2278,718,84044
2279,1125,84115
2280,1145,84115
2281,1126,84115
2282,723,84128
2283,726,84128
2284,746,84116
2285,784,84104
2286,789,84104
2287,808,84128
2288,799,84104
2289,811,84128
2290,854,84120
2291,899,84123
2292,935,84118
2293,909,84118
2294,910,84118
2295,913,84129
2296,928,84123
2297,926,84123
2298,937,84118
2299,1026,84116
2300,1046,84103
2301,1049,84103
2302,1050,84103
2303,1047,84103
2304,1113,84105
2305,1116,84108
2306,1121,84115
2307,1134,84108
2308,1137,84115
2309,1138,84115
2310,1143,84115
2311,1160,84109
2312,1286,84109
2313,1268,84109
2314,1218,84106
2315,1223,84107
2316,1290,84106
2317,1307,84124
2318,1317,84124
2319,1321,84117
2320,1332,84121
2321,1333,84117
2322,1391,84096
2323,1400,84096
2324,1426,84081
2325,1461,84088
2326,1441,84123
2327,1450,84047
2328,1463,84088
2329,1465,84088
2330,1493,84088
2331,1470,84088
2332,1472,84088
2333,1482,84081
2334,1501,84088
2335,1503,84095
2336,1507,84095
2337,1504,84095
2338,1506,84095
2339,1508,84088
2340,1512,84095
2341,1544,84095
2342,1567,84065
2343,1577,84020
2344,1586,84065
2345,1587,84065
2346,1584,84065
2347,1592,84065
2348,1616,84065
2349,1602,84020
2350,1603,84065
2351,1604,84020
2352,1617,84065
2353,1639,84047
2354,1640,84047
2355,1650,84121
2356,1684,84093
2357,1685,84093
2358,1688,84093
2359,1720,84092
2360,1708,84070
2361,1711,84070
2362,1724,84092
2363,1728,84070
2364,1732,84094
2365,1733,84070
2366,1735,84070
2367,1756,84092
2368,1758,84092
2369,1767,84020
2370,1907,84005
2371,1930,84045
2372,1933,84045
2373,2044,84043
2374,2047,84043
2375,2098,84043
2376,2110,84043
2377,2122,84004
2378,2128,84004
2379,2135,84004
2380,2140,84003
2381,2141,84003
2382,2144,84003
2383,2145,84003
2384,2149,84003
2385,2183,84003
2386,2184,84003
2387,2196,84003
2388,2210,84062
2389,2209,84062
2390,2240,84062
2391,2238,84062
2392,2265,84059
2393,2315,84057
2394,2366,84604
2395,2381,84604
2396,2398,84606
2397,2403,84604
2398,2407,84604
2399,2408,84604
2400,2412,84601
2401,2420,84601
2402,2431,84601
2403,2435,84601
2404,2440,84601
2405,2444,84601
2406,2449,84601
2407,2455,84601
2408,2459,84601
2409,2481,84606
2410,2520,84663
2411,2529,84663
2412,2535,84663
2413,2534,84663
2414,2538,84664
2415,2578,84660
2416,2579,84660
2417,2591,84660
2418,2742,84653
2419,2638,84660
2420,2641,84660
2421,2643,84660
2422,2680,84660
2423,2679,84660
2424,2681,84660
2425,2706,84651
2426,2691,84660
2427,2708,84651
2428,2729,84653
2429,2747,84653
2430,2755,84653
2431,2759,84651
2432,2756,84653
2433,2785,84651
2434,2803,84651
2435,2808,84651
2436,2806,84651
2437,2814,84651
2438,2818,84655
2439,2820,84655
2440,2875,84604
2441,2218,84062
2442,2468,84606
2443,2878,84651
2444,1788,84092
2445,1787,84121
2446,1786,84124
2447,1785,84108
2448,1119,84108
2449,1784,84108
2450,423,84403
2451,420,84403
2452,188,84414
2453,421,84310
2454,422,84310
2455,231,84404
2456,96,84302
2457,99,84302
2458,100,84302
2459,101,84302
2460,102,84302
2461,103,84340
2462,104,84302
2463,129,84340
2464,157,84404
2465,142,84404
2466,267,84315
2467,177,84404
2468,195,84404
2469,178,84414
2470,192,84414
2471,263,84401
2472,264,84405
2473,285,84067
2474,284,84067
2475,294,84067
2476,295,84067
2477,363,84405
2478,275,84315
2479,428,84315
2480,612,84010
2481,615,84010
2482,630,84010
2483,614,84010
2484,616,84010
2485,631,84010
2486,694,84044
2487,713,84044
2488,871,84119
2489,879,84120
2490,908,84118
2491,906,84128
2492,880,84120
2493,850,84120
2494,883,84120
2495,881,84120
2496,894,84129
2497,895,84129
2498,897,84129
2499,1065,84102
2500,1063,84102
2501,1130,84105
2502,1149,84105
2503,1148,84105
2504,1151,84105
2505,1175,84106
2506,1188,84115
2507,1192,84115
2508,1241,84117
2509,1294,84106
2510,1282,84106
2511,1295,84106
2512,1292,84106
2513,1304,84124
2514,1240,84117
2515,1306,84117
2516,1359,84006
2517,1366,84006
2518,1376,84009
2519,1385,84009
2520,1386,84009
2521,1412,84096
2522,1405,84096
2523,1417,84096
2524,1552,84095
2525,1555,84095
2526,1570,84065
2527,1636,84047
2528,1637,84047
2529,1663,84121
2530,1689,84093
2531,1665,84121
2532,1664,84121
2533,1681,84094
2534,1694,84094
2535,1714,84094
2536,1695,84094
2537,1696,84094
2538,1883,84005
2539,1985,84045
2540,1986,84045
2541,1988,84043
2542,2089,84043
2543,2112,84043
2544,2107,84043
2545,2106,84043
2546,2131,84004
2547,2130,84004
2548,2132,84004
2549,2153,84003
2550,2161,84062
2551,2157,84062
2552,2166,84062
2553,2207,84062
2554,2211,84062
2555,2214,84062
2556,2215,84062
2557,2233,84062
2558,2237,84062
2559,2304,84097
2560,2414,84601
2561,2432,84601
2562,2464,84606
2563,2469,84606
2564,2475,84606
2565,2476,84606
2566,2477,84606
2567,2501,84663
2568,2502,84663
2569,2524,84663
2570,2582,84660
2571,2605,84660
2572,2655,84660
2573,2645,84660
2574,2667,84660
2575,2716,84651
2576,2743,84653
2577,2739,84653
2578,2748,84653
2579,2758,84651
2580,2770,84653
2581,2760,84653
2582,2765,84651
2583,2799,84651
2584,1795,84005
2585,2880,84628
2586,2876,84663
2587,2874,84003
2588,10,84302
2589,11,84302
2590,18,84302
2591,141,84404
2592,174,84414
2593,266,84315
2594,426,84015
2595,507,84041
2596,741,84116
2597,1032,84103
2598,1033,84103
2599,1625,84065
2600,1811,84013
2601,1812,84013
2602,1840,84013
2603,2670,84660
2604,2674,84660
2605,2836,84655
2606,1914,84626
2607,2859,84626
2608,2860,84626
2609,2869,84633
2610,1917,84043
2611,1915,84043
2612,2872,84651
2613,2117,84043
2614,2877,84660
2615,424,84315
2616,736,84116
2617,238,84401
2618,402,84056
2619,483,84040
2620,655,84116
2621,1344,84006
2622,1365,84096
2623,2119,84020
2624,1373,84081
2625,2671,84660
2626,2666,84660
2627,1800,84013
2628,2673,84660
2629,269,84315
2630,2863,84626
2631,71,84302
2632,107,84340
2633,132,84340
2634,158,84404
2635,147,84404
2636,156,84404
2637,168,84404
2638,171,84404
2639,193,84404
2640,209,84404
2641,236,84401
2642,252,84401
2643,272,84401
2644,296,84067
2645,347,84401
2646,359,84401
2647,394,84403
2648,271,84315
2649,487,84405
2650,467,84015
2651,521,84037
2652,525,84041
2653,531,84041
2654,533,84040
2655,541,84041
2656,544,84040
2657,547,84037
2658,576,84025
2659,603,84087
2660,609,84010
2661,640,84054
2662,619,84087
2663,622,84087
2664,641,84054
2665,624,84087
2666,652,84054
2667,664,84116
2668,667,84116
2669,659,84116
2670,677,84044
2671,690,84044
2672,710,84128
2673,878,84128
2674,748,84116
2675,752,84116
2676,757,84116
2677,763,84116
2678,795,84104
2679,796,84104
2680,802,84119
2681,803,84104
2682,814,84120
2683,821,84119
2684,829,84119
2685,837,84119
2686,862,84120
2687,873,84119
2688,898,84123
2689,919,84129
2690,1036,84116
2691,1028,84103
2692,1135,84108
2693,1244,84107
2694,1264,84106
2695,1296,84109
2696,1334,84117
2697,1657,84121
2698,1342,84044
2699,1413,84096
2700,1415,84096
2701,934,84118
2702,1422,84081
2703,1425,84081
2704,930,84123
2705,1499,84095
2706,1558,84095
2707,1598,84020
2708,1618,84065
2709,1660,84121
2710,1679,84094
2711,1705,84070
2712,1738,84094
2713,1781,84020
2714,1919,84043
2715,2019,84043
2716,2031,84043
2717,2011,84043
2718,2158,84062
2719,2224,84042
2720,2248,84042
2721,2260,84059
2722,2263,84059
2723,2333,84097
2724,2354,84604
2725,2386,84604
2726,2438,84601
2727,2498,84663
2728,2500,84663
2729,2516,84663
2730,2537,84664
2731,2555,84660
2732,2574,84660
2733,2619,84660
2734,2682,84660
2735,2668,84660
2736,2702,84651
2737,2722,84651
2738,2728,84653
2739,2753,84651
2740,2824,84655
2741,2831,84655
2742,2840,84655
2743,2842,84655
2744,2852,84651
2745,2856,84655
2746,2857,84655
2747,2479,84606
2748,2665,84660
2749,1936,84045
2750,1935,84045
2751,153,84404
2752,638,84010
2753,688,84044
2754,1629,84065
2755,1824,84005
2756,2150,84003
2757,2059,84043
2758,2653,84660
2759,1103,84111
2760,1569,84065
2761,1635,84047
2762,2057,84043
2763,2151,84003
2764,16,84302
2765,155,84404
2766,212,84404
2767,509,84041
2768,1030,84116
2769,1404,84096
2770,1913,84626
2771,2854,84655
2772,1340,84006
2773,1399,84096
2774,15,84302
2775,26,84302
2776,57,84302
2777,93,84302
2778,152,84404
2779,167,84404
2780,233,84401
2781,169,84404
2782,243,84401
2783,187,84414
2784,239,84401
2785,265,84315
2786,241,84401
2787,244,84401
2788,304,84401
2789,255,84401
2790,268,84315
2791,270,84315
2792,286,84067
2793,278,84401
2794,281,84067
2795,360,84401
2796,367,84401
2797,386,84405
2798,550,84037
2799,566,84025
2800,663,84116
2801,668,84116
2802,681,84044
2803,689,84044
2804,709,84128
2805,712,84128
2806,729,84044
2807,735,84118
2808,737,84116
2809,771,84104
2810,797,84104
2811,777,84104
2812,779,84104
2813,813,84120
2814,870,84119
2815,872,84119
2816,940,84129
2817,1161,84108
2818,1324,84117
2819,1331,84117
2820,1336,84121
2821,1339,84044
2822,1347,84006
2823,1390,84096
2824,1427,84081
2825,1435,84084
2826,1439,84084
2827,1440,84084
2828,1444,84084
2829,1447,84123
2830,1505,84095
2831,1500,84088
2832,1551,84095
2833,1511,84095
2834,1561,84095
2835,1550,84095
2836,1601,84020
2837,1614,84065
2838,1680,84094
2839,1723,84092
2840,1736,84070
2841,1739,84094
2842,1742,84092
2843,1753,84094
2844,1775,84020
2845,1776,84020
2846,1916,84043
2847,1920,84043
2848,1931,84045
2849,1957,84045
2850,1990,84005
2851,2121,84004
2852,2129,84004
2853,2133,84004
2854,2334,84097
2855,2550,84664
2856,2545,84664
2857,2664,84660
2858,2718,84651
2859,2719,84651
2860,2761,84653
2861,2757,84653
2862,2768,84651
2863,2834,84655
2864,2837,84655
2865,2838,84655
2866,2839,84655
2867,232,84401
2868,429,84015
2869,882,84120
2870,1258,84121
2871,1589,84065
2872,1666,84121
2873,1992,84043
2874,2152,84003
2875,2217,84062
2876,2307,84097
2877,692,84044
2878,697,84044
2879,698,84044
2880,715,84044
